Lat,Long_,Predicted_Deaths,Predicted_CFR,Predicted_Total_Cases
41.1533,20.1683,94.8427219555366,0.010408226835304435,9112.284297439845
-71.9499,23.347,77.62184860387393,0.009810337519918886,7912.250566942341
-35.4735,149.0124,80.89861110788146,0.0032072302697106463,25223.8237684069
-34.9285,138.6007,85.36613119711606,0.004285649478622166,19919.06515522152
47.5162,14.5501,69.06831617462551,0.007257200644242648,9517.211878304543
23.685,90.3563,101.22063885666519,0.010795050100336894,9376.578887161097
50.8503,4.3517,19.996668256874923,0.001432464007553232,13959.630504804725
50.4496,5.8492,27.596409436819368,0.0017394212147259578,15865.282775205846
9.3077,2.3158,106.84280551157542,0.014823889349345212,7207.474569843223
-22.3285,24.6849,65.29041701517055,0.014182233209413466,4603.676730674122
-3.4168,-65.8561,106.87208162039992,0.01801036538941186,5933.920790037336
-19.1834,-40.3089,98.24984620667696,0.016040351942882322,6125.167736751184
-20.7722,-54.7852,93.47359871772348,0.01686289889036934,5543.151229537863
-25.2521,-52.0215,89.67764067462038,0.014575647454903019,6152.566529348528
-30.0346,-51.2177,89.42305624551527,0.015227313304862876,5872.54326848045
-27.2423,-50.2189,96.06850611824153,0.005882422476176033,16331.452986813092
4.5353,114.7277,121.5592081800498,0.012906792454729397,9418.235290171357
-3.3731,29.9189,41.193307153315175,0.011095063903030524,3712.7597924031393
53.9333,-116.5765,24.973056282991575,0.011486925262425854,2174.041853016955
53.7609,-98.8139,82.13256512181232,0.00840127914314903,9776.197614953522
44.682,-63.7443,64.39262737320756,0.0078838972993081,8167.61367234689
52.9399,-73.5491,136.88081365695143,0.010982066589233867,12464.030566991903
6.6111,20.9394,64.37223642057126,0.013917759038082017,4625.186874153721
-18.594,-69.4785,81.59613984656058,0.012646696717190691,6451.9725325307045
-29.959,-71.3389,82.8312242782441,0.010736501039375535,7714.917921068053
-35.5183,-71.6885,63.90192604809641,0.012293303904491378,5198.108380347593
-19.9232,-69.5132,29.677197623706242,0.0021697875345693947,13677.467102600824
40.1824,116.4142,41.10208540996562,0.005953270760428682,6904.118267754707
23.3417,113.4244,20.27203169058526,0.0015430377841864611,13137.741601883923
37.8957,114.9042,32.851393601743155,0.01741259112011626,1886.6458975075168
30.9756,112.2707,19.607731098821162,0.0034636313282787306,5661.032956577779
27.614,115.7221,29.317333978720693,0.003776352303696469,7763.400133516018
37.2692,106.1655,44.4879860862543,0.004685251372955726,9495.325340076412
31.202,121.4491,102.05493755173914,0.016454582701471345,6202.219734360905
31.6927,88.0924,18.6400749721046,0.00320230912036134,5820.8231221604565
29.1832,120.0934,130.73552368327785,0.026136535443693636,5002.021938405857
10.6966,-74.8741,126.20246029137243,0.026248309599184148,4808.0223914798335
4.711,-74.0721,127.78845955275179,0.02535227558571283,5040.512403737298
9.3373,-73.6536,67.66749018678678,0.012514852418727502,5406.97468277993
2.5854,-68.5247,131.43407843198918,0.02616150263658993,5023.949895300097
10.4113,-74.4057,98.86667876151512,0.035069572767632715,2819.1583460852316
0.436,-75.5277,126.8574538442722,0.02657932608048115,4772.78669369392
6.6437,-73.6536,93.46940327969551,0.02829483553795012,3303.4086080596144
3.8009,-76.6413,136.04977420228266,0.013223955073844496,10288.130399911439
-0.228,15.8277,95.0349815384198,0.009927418140203939,9572.980627616385
45.1,15.2,65.76567812030964,0.005105430767679006,12881.514041215285
61.8926,-6.9118,153.28535702843374,0.0226751669773942,6760.054167682653
11.8251,42.5903,83.63687733604905,0.02258475658459174,3703.2445766145474
26.820553,30.802498,78.01659028195408,0.013481227943568586,5787.05371710394
58.5953,25.0136,79.03737517324845,0.013550257340622016,5832.9058398252
61.92411,25.748151,104.6236418775083,0.014613363804267119,7159.449616039675
14.6415,-61.0242,49.56166898238156,0.005232091944960053,9472.629591328781
17.9,-62.8333,81.22386259659696,0.00615672337266052,13192.709446274423
46.2276,2.2137,68.21033116535224,0.0056710337683167555,12027.847823166472
48.6616,9.3501,52.8522194441384,0.0034860764268287007,15160.946856296636
53.0793,8.8017,54.608162041345125,0.003761699144390208,14516.88716860354
52.6367,9.8451,45.295608642724744,0.005510661460334032,8219.631884260065
51.1045,13.2017,109.33818414271094,0.03100900747195211,3526.013666887216
15.7835,-90.2308,51.38745357386604,0.004375024844869284,11745.636972583041
18.9712,-72.2852,93.12973098329418,0.013527312888745148,6884.569888287199
64.9631,-19.0208,76.68126128155659,0.011576332439478745,6623.968487640405
26.357149,92.830441,94.75059059974376,0.011618115453508498,8155.418232750518
20.194742,73.080901,140.59415892375472,0.021196993291293743,6632.740643528017
29.20004,76.332824,99.2501930570289,0.009875634897768134,10050.006311944477
14.70518,76.166436,84.07508084238322,0.008863826084296216,9485.190711417115
23.541513,78.289633,101.44812275131373,0.020376619468149778,4978.653250598557
23.309381,92.83822,70.92207155459592,0.007662488842233975,9255.748754071765
30.841465,75.40879,102.33537274879357,0.012097341778960869,8459.327232266056
18.1124,79.0193,99.08100413400635,0.01766505840816383,5608.869319572501
30.156447,79.197608,104.13669635260351,0.007973674917817818,13060.062947876353
33.223191,43.679291,89.11044569387688,0.00883277018687275,10088.618158130355
40.63947052,15.80514834,92.60053415013597,0.006701905297018744,13817.046055743001
45.6494354,13.76813649,89.42849388638516,0.00824484382318349,10846.596467348865
43.61675973,13.5188753,75.81556202302917,0.006698389844610487,11318.475601122296
45.0732745,7.680687483,66.68137353278377,0.02033893276114758,3278.5089717274536
43.76923077,11.25588885,68.94430360736467,0.0018345843696709282,37580.33958379974
18.1096,-77.2975,40.23976839867013,0.0017884568217612193,22499.714787099638
35.510141,140.198917,58.41083169967715,0.005392245194670909,10832.3767912861
37.378867,140.223295,43.464898643953276,0.0025405109950068505,17108.722902352987
43.385711,142.552318,68.1797475590236,0.0023245387250405733,29330.441702077285
39.593287,141.361777,44.55308754499728,0.002213478184959351,20128.08974027249
33.422519,133.367307,114.72054989014015,0.0032837147800810883,34936.21022935105
38.446859,140.927086,44.31203337584677,0.0037472307895828577,11825.274679913588
34.317451,135.871644,52.30831244433247,0.0015912062008606098,32873.37141851341
25.768923,126.668016,41.40051437497729,0.00190767637880571,21702.06374358729
35.997101,139.347635,59.65289663482824,0.0018337669886625383,32530.248937645127
36.689912,139.819213,96.69184821237319,0.003391536689610453,28509.745599561556
36.637464,137.269346,137.73937662347024,0.01717404664520309,8020.205107684533
34.20119,131.573293,100.65992013449342,0.011062224425088578,9099.42849344131
-0.0236,37.9062,74.35572068330478,0.013518646374421002,5500.234167231067
42.602636,20.902977,87.32733285548582,0.01726132477289898,5059.132714575505
56.8796,24.6032,138.4655347436227,0.008330448657489699,16621.61792680059
26.3351,17.228331,94.88052172500485,0.005913753962082955,16044.04280823104
6.1184,100.3685,111.20545604771189,0.010086269272973849,11025.43002155285
3.8126,103.3256,85.28549939750727,0.0145085759606037,5878.281895417567
5.9788,116.0753,50.25201767131146,0.030951429408017123,1623.5766370872373
3.2028,73.2207,2.080712606019022,0.04618681425419669,45.04992690267573
21.0079,-10.9408,16.167032667139367,0.051257182832732534,315.4100903262127
26.0444,-111.6661,13.147541427514376,0.03125446953411007,420.66116057946834
19.4326,-99.1332,77.31524257004355,0.029456795738266695,2624.699687536108
21.019,-101.2574,74.33189680875597,0.035404758845963266,2099.4888605838096
19.4969,-99.7233,67.90080071668086,0.04861151882293417,1396.8047565846946
25.5922,-99.9962,87.66883161585525,0.021546947440493843,4068.7355764880417
19.1817,-88.4791,97.92111342704708,0.012307047135155064,7956.507548210776
17.8409,-92.6189,99.52895177557279,0.012331524843850986,8071.098508567827
19.1738,-96.1342,49.73692330988367,0.0030798739636058335,16149.012556232341
47.4116,28.3699,49.2695459681591,0.0030599560675305154,16101.389981040229
31.7917,-7.0926,49.514184601633744,0.0033223896398278997,14903.184144349363
28.1667,84.25,48.340002871291134,0.0024946004359234597,19377.85393410968
52.862485,6.618435,65.07874643502839,0.003287448560737934,19796.126154570204
53.217922,6.741514,107.818172497507,0.019350037955661342,5571.987649045519
52.444558,6.441722,96.07291136787717,0.011707366905707332,8206.19291610667
51.47936,3.861559,99.68500062020712,0.020605425510587243,4837.803546885655
-40.9006,174.886,104.50928889781655,0.006477863481981171,16133.295983856353
41.6086,21.7453,93.99184627413496,0.03274399079724809,2870.5067398820042
28.328492,65.898403,83.13749615391745,0.04721800238287685,1760.7160819676365
30.811346,72.139132,92.20538088766487,0.034142312838683915,2700.6190624319497
-6.314993,143.95555,82.00015441974001,0.04583981313142134,1788.8413764831039
-14.027713,-72.975378,94.13210148252917,0.0447695770628779,2102.590814077217
-11.954609,-77.136042,79.46899388168069,0.02831048045297733,2807.0521096834004
-14.235097,-75.574821,115.02523255235266,0.010590408537803252,10861.26490227091
-11.766533,-76.604498,94.67069719482764,0.021758358626159553,4351.003622166946
-10.39655,-75.307635,69.57218135807612,0.011356187531764945,6126.367776463042
-17.644161,-70.27756,95.27248979367627,0.019127894277242576,4980.814323457798
12.879721,121.774017,84.89579831596495,0.018471565975476806,4596.026045039938
45.9432,24.9668,106.81215904163551,0.020200399208754116,5287.626147276685
52.8032368,128.437295,101.91987654005979,0.022494791590892026,4530.821107110251
50.7080119,37.5837615,77.36571701674694,0.011853543842241226,6526.800596210467
54.4223954,61.1865846,76.29128734542978,0.010925911884973763,6982.6013744767615
43.11542075,45.01713552,77.36222117830351,0.013944609799579136,5547.822584511357
43.4806048,43.5978976,84.64943873199816,0.015701732098003306,5391.089225293973
57.1914882,160.0383819,76.83225338454123,0.011716663285848946,6557.519961961957
51.6312684,136.121524,89.10262323814091,0.018631299936002117,4782.415802665697
63.9881421,54.3326073,108.31582500635196,0.022526403290409783,4808.39411467278
55.7655302,64.5632681,88.76364679163882,0.020633533245999175,4301.912122047736
62.48858785,153.9903764,80.10413406047527,0.007238353069223452,11066.624312796755
55.5043158,38.0353929,85.1085436668597,0.01584815838348151,5370.2481769470505
42.7933611,44.6324493,84.7524912686732,0.020478077483642873,4138.693748784295
52.9685433,36.0692477,87.55037752320513,0.02113059481463799,4143.299244115719
45.0819456,134.726645,90.54785955755725,0.016861751175207516,5370.015167267636
59.9606739,30.1586551,82.93635995470801,0.023622313232061654,3510.9330377577794
51.6520555,46.8631952,86.8786529999475,0.019600910059751224,4432.378534216394
52.9019574,41.3578918,125.90271445111082,0.012914347485394804,9749.057363796175
57.1134475,35.1744428,28.864201538508024,0.009545023570534132,3024.0052656981343
54.1463177,47.2324921,138.22737256102724,0.02112295978907779,6543.939577658124
50.9800393,40.1506507,100.35885478484016,0.007780762569383699,12898.331479711174
-1.9403,29.8739,137.9252431109386,0.01782993565774998,7735.599598251373
-13.759,-172.1046,138.72940359581693,0.008947128544240174,15505.466687982896
14.4974,-14.4524,92.02868190176483,0.01265095260042812,7274.446819020608
1.2833,103.8333,136.32430719107174,0.0077902651374585664,17499.315464318726
5.152149,46.199616,134.96108773021228,0.008814235812106537,15311.717386190237
41.5976,-0.9057,130.9893543395361,0.007816465424325264,16758.13135843858
28.2916,-16.6291,145.17531064475656,0.029471554743476448,4925.9467954228385
41.5912,1.5209,55.91838725770052,0.007110732069260146,7863.942377949657
42.2871,-2.5396,58.467172637666444,0.00722658262622234,8090.57000545635
42.6954,-1.6761,59.2532215412717,0.009260388422477723,6398.56762351852
12.8628,30.2176,56.50223876768545,0.007781342183232223,7261.245866997136
61.0917,14.6664,54.30536486925101,0.0077771280626565175,6982.701638926252
63.1712,14.9592,69.64219569369472,0.0054926519147962425,12679.156948957721
66.8309,20.3992,137.99246169638806,0.017092195014777843,8073.419568234526
59.0336,16.7519,21.446754612379724,0.0035352079401022225,6066.617572645409
65.3337,16.5162,77.97478071222338,0.00507000454656127,15379.627374320555
46.8182,8.2275,99.51073273564522,0.017652623213201796,5637.164036970127
-6.369028,34.888822,102.0031680362804,0.017576860032468885,5803.264510717778
-21.179,-175.1982,78.84869206501001,0.015282483924783385,5159.415998936025
-7.1095,177.6493,96.97102751897877,0.016303820996274816,5947.748539507103
32.99642064,-87.1251146,105.49315004446953,0.018627710127604183,5663.237688466093
33.77483727,-85.82630386,86.49712059366828,0.01579262946637745,5477.056292482572
32.02227341,-88.2656443,100.88293123759394,0.016501366807051984,6113.610612817894
31.39932826,-85.98901039,79.33379135102926,0.019347760170284334,4100.4121744735985
31.2477854,-86.45050893,113.78290920409414,0.013862329517597414,8208.065539031762
32.32688101,-87.1086671,136.12092947711727,0.01641297389206179,8293.495765746193
34.04567266,-86.04051873,89.67717203243161,0.016436450475647704,5455.993808717861
32.85504247,-87.95684022,123.2078395913419,0.013673449173140397,9010.735918290951
34.78144169,-85.99750489,128.99034878297053,0.013685705102256434,9425.188385924173
34.52041498,-87.31069453,109.5181688991116,0.017181013023442642,6374.372032061176
32.38759944,-85.69267724,100.39752295631695,0.0159894274255909,6278.994255643691
34.36975964,-86.30486727,90.65208065918394,0.016285123936370847,5566.557614997545
34.45500589,-86.85475946,77.11282235320841,0.0152487031366033,5057.008564099147
31.80396383,-85.9408295,52.06750230943035,0.00545206028301787,9550.059905172126
33.71902176,-86.31029372,44.62182514695944,0.005523227609123932,8078.940124293943
33.28726072,-87.52556818,54.016037140211346,0.005258643940174244,10271.856728603978
31.98773215,-87.30891118,23.45264563738904,0.005878109372775677,3989.828046754184
61.14998174,-149.1426986,23.517470724823024,0.0038790229478187573,6062.730497133901
61.16666,-149.9,20.49792646605374,0.005277388898840326,3884.1038360007988
64.80726247,-146.5692662,42.785579618132836,0.004882792679115684,8762.522275650186
55.57445008,-130.975561,69.29339982159131,0.013661556005443639,5072.145500408619
64.90320724,-164.0353804,77.09463134784598,0.017946287471523593,4295.854029429566
55.76261984,-133.0511621,90.28742146956407,0.015616393627571543,5781.579513349164
65.50815459,-151.3907387,102.90401935783257,0.01664703215526732,6181.523433008599
35.83883429,-111.7707178,100.1775929811502,0.01639202465372666,6111.36178094847
33.72854224,-113.9810029,116.4808288391879,0.013933952552760608,8359.496589222317
33.19153461,-91.7698471,116.60220790571319,0.014229724178108314,8194.270419176471
33.46755808,-92.15980837,76.86718728511767,0.01591745566751216,4829.112698080579
34.04613432,-93.17484713,86.38212420812425,0.015610747466390882,5533.503401685308
33.21230701,-93.22642793,84.67416546764878,0.014137609952737874,5989.284309774785
35.21247318,-90.30839406,99.61958819496905,0.021484139284502646,4636.889887733532
33.59035001,-91.71777921,97.93386710887452,0.017923531004678053,5463.982910695093
34.57692074,-93.14921604,91.85039978365744,0.015015468526137549,6117.051867131066
34.31709259,-92.95396325,108.0737653309141,0.01435774743582524,7527.208972993218
35.59802983,-91.21494602,101.23402398783074,0.015282115957987204,6624.346017667844
36.04188196,-91.10867198,103.21090023451849,0.01994798395737345,5174.001566026338
35.21413234,-93.71951016,98.72347649907942,0.01516919645998985,6508.154651399741
33.31403423,-93.89285258,57.458487162289714,0.008043048657668226,7143.869148113248
33.66340119,-93.30632432,105.58460606505454,0.008321254614725989,12688.544090238891
34.43268455,-90.84800154,61.9741720322181,0.008741794620888158,7089.4106667907035
35.44871474,-93.03212219,70.83170399468631,0.012383180557897302,5719.992829266614
34.64916145,-92.67583224,61.65565013559042,0.008978552323825547,6866.992351537628
33.99780401,-94.2424869,49.09634321244642,0.008900700948776211,5516.008626174194
35.25688493,-91.74908296,71.36087537213236,0.014909943454846572,4786.126492581436
38.59678594,-119.8223594,71.16199575454442,0.015350651751403217,4635.763803842364
39.17881957,-122.2331726,75.95648352127691,0.01626664748077087,4669.461461623644
36.75733899,-119.6466953,91.40485039485709,0.006774958994288394,13491.572490979745
36.51112084,-117.4111978,87.867858899733,0.010475322621055263,8388.081406019872
40.67311306,-120.5935099,116.803521115734,0.00609221307591267,19172.592891990364
37.57978556,-119.9073334,106.74478993509527,0.009245046490246293,11546.160427393539
37.93899289,-118.8872409,66.1007029677348,0.01208573153100651,5469.317500405363
33.70147516,-117.7645998,43.17642062714695,0.011931559336350142,3618.673755039515
33.74314981,-115.9933578,43.425312152233644,0.017190857689702962,2526.070131930921
33.03484597,-116.7365326,25.299400980478868,0.0181804238903457,1391.5737681954456
37.4228808,-122.3275546,47.41224162918323,0.015153984596682844,3128.698021744169
40.76391419,-122.0396884,40.18677746021006,0.012990981032509685,3093.436697324352
38.52746429,-122.8862506,44.19300163192878,0.01025993791811398,4307.336163692159
40.6491767,-123.114713,35.848160858710045,0.0061242752763016875,5853.453550239164
34.44465746,-119.0910613,37.315910142368054,0.005070125100183867,7359.958463552467
37.57250606,-105.7885451,45.33493643067406,0.012679912563982054,3575.335098086582
37.95474293,-103.0720195,41.025387127515316,0.01286745147642454,3188.3071175889895
38.82777431,-102.6032558,55.18192173233898,0.007376361806280113,7480.913108865945
38.32608609,-103.7844965,59.244702098673045,0.017877512069942328,3313.923205135566
37.75208676,-108.5211585,31.683717584477517,0.015774644786581537,2008.5217773923373
39.28656773,-104.1358721,53.81330242079143,0.0083946615659214,6410.41952652976
40.10603347,-106.1178042,20.73778797122939,0.006804546373936346,3047.637099022787
40.6659387,-106.3408905,47.85342784267306,0.00967924944300174,4943.919270235554
37.28632032,-107.8429014,28.177878495897254,0.017391877210831314,1620.1746455723958
38.98749519,-103.5136649,120.5307341931814,0.01066595561459558,11300.509635371434
40.61810999,-108.2070876,110.01723741298466,0.013068135884629193,8418.73993232558
37.9014485,-103.7173385,117.16120234233391,0.01566712974087496,7478.153578869311
40.59414277,-102.3577703,131.86397707783476,0.015059206300542386,8756.36965495887
39.97913541,-108.2179009,120.19480727806054,0.019845684663214496,6056.470679535228
37.76248981,-107.6763289,134.51971959382485,0.01568402439856509,8576.862428633553
38.88133511,-105.1614893,114.81144496570089,0.014063457707743664,8163.813434194285
40.00346839,-102.4258673,97.44907079164066,0.015569360882666805,6259.028326598147
41.45949668,-72.53714864,99.37499919471752,0.013257951020275285,7495.502060819509
38.66143781,-75.39031349,113.89354816458854,0.015776784331003286,7219.059712997025
29.67866525,-82.35928158,112.36712952844722,0.018101170649582478,6207.727207468711
28.29409504,-80.73091022,132.6213529083171,0.01802760381745653,7356.571303164367
28.84804315,-82.47614748,107.11308115306636,0.013555093501384658,7902.0540243506775
27.18677893,-81.80941373,121.96260428694183,0.015273234740565928,7985.38137851096
29.45933576,-81.31508595,131.8543191892317,0.014150472017336675,9318.015613026073
26.95635849,-81.18996211,115.13103124561705,0.01472175292767224,7820.47028035684
26.55386945,-81.16469006,110.7650924160025,0.016232273920037885,6823.75697709665
30.86747479,-85.81319222,117.99611729909375,0.015514461066373083,7605.556957105341
29.98484137,-83.18166636,114.62280418959114,0.02410018214809687,4756.097007285176
29.31829741,-82.74007147,101.63814650764657,0.026248084777517156,3872.2119106649984
29.21227113,-82.05803627,102.10866575418697,0.02367027481697036,4313.792997493225
30.61037141,-81.80297522,108.59237522410402,0.022903894828586104,4741.218733181181
28.06312234,-81.14882926,112.7178399227613,0.026455882387844264,4260.5965006312545
27.95027105,-81.69732947,119.70056460064735,0.02656135078946052,4506.569170726974
28.7158582,-81.24060348,97.68091891159655,0.012641290975511463,7727.131596038941
30.19746066,-82.9909967,85.64866846895038,0.013209894740113817,6483.675317174588
29.05858895,-81.18263252,92.38344413251069,0.012015414055330782,7688.74411710545
31.74847232,-82.28909114,86.96480495192176,0.019089510543492845,4555.633040133969
33.06882326,-83.24701748,106.02363453958905,0.01394000203230847,7605.711555411553
31.76095874,-83.22145359,95.70509947272124,0.02548780185433749,3754.937362573471
31.19576557,-81.97743999,61.73714805087774,0.018301282148596606,3373.3782993784357
33.05917989,-81.99928721,112.03481061877075,0.025621899772280708,4372.619189619056
32.40209349,-82.07702563,114.56061055591387,0.015816547367416108,7243.085857784727
32.00043026,-81.12489526,141.80250943286882,0.01854376226516906,7646.91152772261
33.95436462,-83.37124007,95.17484403659603,0.018105326917946946,5256.731594404614
33.94243204,-84.5761255,119.62152650001148,0.016716228349572648,7156.01175088456
31.16068491,-83.42947229,113.54887159866792,0.017895022826882802,6345.276711694891
34.8549167,-85.50490424,89.4236380016451,0.023446099834805792,3814.009094548659
32.17265114,-83.16948926,98.38194385895426,0.027263409155152355,3608.5708613723245
31.32155345,-84.90255207,110.88896274488462,0.0214259770972807,5175.444846291664
32.59221302,-82.30239915,111.51179723143593,0.012554051673197994,8882.534510313168
34.26268279,-85.21577392,138.8912274263577,0.01853263461832454,7494.413519005334
34.69316688,-84.45802506,80.98754965957481,0.017929969218637848,4516.8816896456165
30.87454847,-84.23418364,101.05006870031256,0.019675381581133734,5135.863224996212
34.32207823,-83.81896936,118.88744953832482,0.014862519749032846,7999.144932746765
34.34626973,-82.96567682,79.05927466714486,0.01556290207458634,5079.982787801885
31.60213036,-83.27501387,133.83015544318178,0.01710634145414321,7823.42360006895
33.05867328,-82.41609057,89.74968237695072,0.021451093256601092,4183.921131820742
33.07841647,-84.14263877,69.3361889076017,0.016058777114228134,4317.65061650738
31.82588896,-81.49251135,95.13274149805162,0.01804243579883391,5272.721630202507
34.57286511,-84.00425681,49.91720632432241,0.014140360767119352,3530.122544001503
33.47851918,-82.48252774,119.18871077123738,0.024869668404277,4792.533170677086
31.22483255,-84.19381821,93.35758656421086,0.018500589808217945,5046.1951500995665
34.78897608,-84.74993177,80.48512667741753,0.026045318982566325,3090.195467803293
33.8786296,-83.08278123,93.63319647549521,0.015385627446067673,6085.757425474799
34.46589159,-84.46406611,100.85735314074743,0.022565282202535775,4469.580847050678
32.23334561,-83.4754996,118.05483504789008,0.014407412884199201,8194.034279212083
31.76622818,-84.75732369,99.15483797823434,0.021693614535867788,4570.692348861169
32.74976524,-81.60779441,31.268152834655368,0.01803397005952269,1733.8474407716164
32.07996777,-84.83208037,45.1508687660188,0.012632391890804555,3574.2137479826993
32.04785085,-82.05539188,39.89907676157484,0.011835807361608419,3371.0481712464084
30.86392347,-83.91847289,36.86319270144399,0.013861112948569246,2659.4684595834738
32.40422134,-82.56904553,49.18742278917016,0.012314243191249569,3994.3520706268378
33.78017694,-83.73552314,46.44191741796464,0.012209663466478313,3803.7016782216097
31.5521809,-81.91894878,59.9807450254185,0.015079464289987892,3977.6442897406578
34.80987459,-84.96093476,46.815312035979204,0.012415843091272067,3770.6107987856935
31.55162306,-83.85090513,47.89732427722118,0.012286893121252107,3898.245374526393
21.45803166,-157.9712182,52.30460797455129,0.013904098658826745,3761.8122007029006
42.28269683,-111.3289238,93.89539624881434,0.00928818810071955,10109.118724839382
43.98829931,-115.7309284,67.09036969691162,0.00895935755185443,7488.301399805737
43.72592209,-113.1735463,84.79589285529592,0.009758095194871254,8689.799716225734
42.28347888,-113.6012409,96.60599515092113,0.009682937093593611,9976.930988722133
43.3507101,-115.4701578,64.1937020211391,0.008673156231178451,7401.423462242521
42.96927962,-114.8108306,69.1208542328712,0.009566451295885762,7225.33906199867
47.67282258,-116.7020872,90.14556452970754,0.011412158556973978,7899.080974003777
43.0012336,-114.1358773,71.10713880926286,0.010127967371570321,7020.869657307934
42.1949428,-112.5407838,73.85670173230757,0.011860418378715144,6227.158214321658
47.35364087,-115.8916749,105.02422325914411,0.010385618989141214,10112.466418126181
44.76728382,-115.5676773,74.72584169368021,0.009905942622636037,7543.53669714626
38.88829622,-89.43534887,128.61886184548052,0.008510769298911184,15112.483646094748
39.16840183,-90.66330078,66.8125492598309,0.010064105475049694,6638.697241942508
39.54581621,-89.27780482,72.96000708339146,0.009334026112779122,7816.563420955363
39.51949084,-88.22358557,87.52119953294431,0.01307645506081541,6693.037151575447
40.17514519,-88.90959682,106.14971069727868,0.00808191926666816,13134.22062195875
39.6809186,-87.74759563,110.55479177637122,0.011504685209180075,9609.545134547
40.59706922,-88.22350769,96.12347234122794,0.00905414016709496,10616.521344629167
39.35907414,-90.388865,57.66262170504,0.007748702818904397,7441.583843473949
37.51810645,-88.26873022,78.58924137973843,0.00998299829597245,7872.308403723213
37.78595185,-89.38232563,83.91728628278251,0.010966896215088348,7651.8720189335245
42.36542373,-90.21094405,82.49610172243695,0.010083854786080369,8181.008500470829
41.59081014,-88.42869583,89.52969773817982,0.011599655714113805,7718.306469151938
38.71987914,-87.72884035,70.96122178275695,0.010566462717634421,6715.702660297984
39.86064913,-88.96342505,72.96727755008453,0.011478071152344796,6357.102738048319
41.0327901,-89.34510444,87.33769566711887,0.008897441466418065,9816.046106823034
42.32451172,-88.45248227,111.68544522190209,0.01346357941624313,8295.37538042515
38.27594376,-90.17761038,103.02925073310425,0.01464806904800211,7033.640433798793
42.04165196,-89.32184679,108.12991329208494,0.01357383762571951,7966.053246961048
40.01360584,-88.59319339,145.58737210383643,0.012823271757660631,11353.37181143825
41.2013541,-89.2869272,119.92348900267875,0.011891327788701955,10084.953600944296
37.75332999,-88.54119706,91.96898738522245,0.014399116037785362,6387.127316974357
39.39133527,-88.80611122,129.9299038435035,0.01569735220970815,8277.185993389849
40.50716185,-89.51404662,112.47786708791881,0.011329126699546006,9928.20277068895
38.44272901,-87.84922065,142.88006773376935,0.015310440149519298,9332.198574203327
38.08706198,-88.17657461,108.13809167375751,0.013046402301598132,8288.72889045519
42.33641854,-89.16085327,127.35251302976691,0.012744076629616187,9993.07495796205
39.20744865,-85.89558181,104.19082674323185,0.01444961749536555,7210.628708797942
39.19605589,-86.22868909,85.56585108901925,0.012570563233894596,6806.8430584163525
39.39561833,-87.11723506,119.55063360981745,0.01374172684432461,8699.826081843008
41.39804622,-84.99906934,95.51981233999099,0.013428761090611667,7113.077051223358
38.36597551,-86.8792417,115.24124301128474,0.011619247547371748,9918.133041011944
40.12361933,-87.24217689,106.04955097899587,0.013432705198966293,7894.876676602481
40.51587228,-85.65468702,91.75121527394704,0.012588543052333548,7288.469753212549
38.19467379,-86.10948271,118.70623470845811,0.01482575851877971,8006.7562518365285
40.82907273,-85.48822092,117.7659546461833,0.014242398315475045,8268.688463671528
38.78576239,-85.43633383,96.4264665043895,0.010738370595881121,8979.618056893609
41.24521668,-85.86312322,82.57865528634342,0.013947196687531914,5920.8066779587725
38.84112637,-86.48361629,137.24696595022087,0.01622440493891587,8459.291201554037
38.7099921,-86.80373186,42.042256110890214,0.016638026124578053,2526.8776353695275
39.47899078,-86.44573375,67.8405889679156,0.01339362745062036,5065.139314799545
38.5411892,-86.49523093,70.73055370077047,0.0140956895246412,5017.885331336488
38.40112197,-87.23574907,59.784766672430166,0.01482122574563185,4033.726204463898
39.66437981,-86.84517605,65.24402954020071,0.01690068229351844,3860.4376087953783
38.68672078,-85.74627859,78.04168386200823,0.014969602528833732,5213.343755232517
41.27890281,-86.64686895,51.198474629014406,0.01948878449033653,2627.0737743752593
40.38872739,-86.89413959,56.656022113863486,0.015808270690790893,3583.9481257661187
38.02658833,-87.58763124,68.34470606499065,0.014703586681394059,4648.165617405048
40.34728141,-87.35602659,71.15357113721667,0.015642097735872114,4548.850949450327
40.72934187,-85.22132966,88.03557384820819,0.014126762211657262,6231.829525350268
41.02903567,-94.69932645,74.57788209699102,0.014657034172039092,5088.197327073279
42.08011739,-92.06463573,106.99221404301676,0.012444967252383364,8597.227447306173
42.4709188,-91.83510825,75.99368410338356,0.01576495008990913,4820.4202150963865
42.03617207,-94.86032705,73.38225707815904,0.015310935998051674,4792.800197682035
42.73538914,-95.62389402,89.82908619734616,0.016668407935296517,5389.182131013652
42.84443388,-91.34133693,56.10668641812111,0.015610918905800903,3594.066867983811
40.74773536,-92.41005468,94.654120068039,0.011804044005468986,8018.787461668591
43.37787725,-95.1510206,53.54661965288604,0.014826621149109272,3611.5187077605283
43.0600053,-92.78940097,66.14192544812177,0.01663119131949351,3976.9806129640547
42.40183723,-92.78829551,97.40982316878346,0.010359592919176389,9402.862055368076
42.38353877,-93.23654611,78.8076676716355,0.015339780062357438,5137.4705081347975
42.7764426,-94.20722537,52.46376219949343,0.015704711519952237,3340.6383894947844
41.68576082,-93.05567785,51.35894001944007,0.0189220592969313,2714.236289692277
41.33649833,-92.1785067,61.90792699040559,0.013856456371174173,4467.803696130688
41.21842119,-91.26102611,56.13300942479986,0.014364951997807282,3907.636407930093
41.33521503,-92.64083907,67.19202891680324,0.013408428702518418,5011.178446597773
43.35638371,-92.78887719,86.06291330770337,0.014530280454221603,5923.004279156828
41.48370744,-91.1121697,55.36834933934196,0.014833735549164884,3732.596496400336
43.08193849,-94.67824621,109.2967540475049,0.013578407337266134,8049.305881959985
41.33640314,-95.53907776,50.92375937143217,0.01458584514271045,3491.3135902092226
41.63935978,-90.61959493,28.68064309555658,0.018640898079904197,1538.5869807676122
42.07991767,-92.53266945,70.54794972048663,0.012998793120839527,5427.269213738382
40.75326764,-91.95017958,30.824240512540065,0.014362954088142697,2146.0933679365407
40.73969028,-93.32752197,26.672486988687428,0.015062262186587268,1770.8154763391983
42.38979414,-96.0459439,41.53864406696866,0.015877130688623276,2616.2563552325664
38.21413251,-95.29272815,81.81442981337105,0.011343789437747269,7212.266259203269
37.85508555,-94.84865997,87.67015559238031,0.013796430864435431,6354.55332280012
37.14994405,-96.2454192,62.67228109962939,0.013045762503576364,4804.033576607609
39.34948772,-97.16518128,47.33667827968874,0.014987616128370733,3158.386088504296
37.23781842,-96.83776647,38.11054603309274,0.015779564176872585,2415.183689860693
39.79067154,-95.14056866,50.402143056918014,0.015612899069938718,3228.237294761161
38.91458712,-99.31751551,63.190635501633025,0.013468647136202693,4691.683942909264
38.56443815,-95.28644341,39.548691013302204,0.015516022287908724,2548.8936712936784
37.56227336,-101.3079758,21.564542611968278,0.0171255297792585,1259.2044094359094
37.99978709,-101.7921066,72.94429233716302,0.011295511071838737,6457.812477296682
38.08780079,-99.89829881,63.458143145044104,0.015775170883595552,4022.659634770335
38.88548175,-94.82250877,66.33186623339145,0.01198066104492192,5536.578155802733
37.19113093,-95.29849679,48.19924168343459,0.016436315252520393,2932.4846197534193
38.21267844,-94.84254089,27.15165188340576,0.016253047223644065,1670.5576197371154
39.78359669,-96.52278974,18.806634766438833,0.017745105438662142,1059.8209647976441
39.39331582,-98.20906732,52.26257635405337,0.015540967523379766,3362.890777258866
39.78345387,-96.01392079,92.72752423088586,0.009593987190829555,9665.17073522047
38.65235984,-95.72707998,124.49807616725859,0.014894450649666695,8358.688688531429
38.18108732,-99.23692334,98.12103224975324,0.01338155710448556,7332.557151877536
39.78525843,-101.0761617,90.67902300186573,0.010197449651808186,8892.323678772638
39.28935726,-96.73420026,110.03036408853832,0.011268320472751343,9764.575329092731
38.78369175,-97.65185177,94.55609171592778,0.015621644463742299,6052.889754045526
39.04100763,-95.7557264,113.45193688988878,0.015812797250092558,7174.691175479703
38.03100851,-98.71762001,81.71525864025374,0.014315791318488074,5708.050419449945
39.35107575,-101.0553705,84.8299290867542,0.012915339142058628,6568.153430095124
38.91686134,-101.7638876,78.24734212335869,0.010883151330965875,7189.768821896394
37.8865336,-95.74006277,95.75172515934841,0.014130114735717507,6776.429416904255
38.00671029,-84.99171713,96.07590630094651,0.0120985816076991,7941.0884198034655
36.73355174,-83.67766671,117.26813219317617,0.010730574445359879,10928.411408942355
37.62680923,-84.8633779,78.36623998131883,0.014858184548052813,5274.280968033126
37.97162523,-85.68955617,106.28911447660805,0.011152342946032163,9530.65333364987
38.94384345,-84.37875208,92.32236638288958,0.013830402997027827,6675.320046908958
37.32533118,-84.92726209,90.1535279694253,0.01387987004059226,6495.271764488251
36.72581156,-85.13377529,112.50180208890751,0.012938773391406682,8694.935654690873
37.21218923,-86.23955613,93.38636817242804,0.0135419315577204,6896.089215514272
38.36758311,-83.69657514,90.36878413037071,0.013623810441864097,6633.150432912649
38.75398691,-84.8558382,62.411193325778015,0.011539433913786921,5408.514299060308
37.46231118,-86.34248968,81.89235193986688,0.011003203686260312,7442.5916555671665
37.6976111,-85.96319251,89.43818126342624,0.012669047402288736,7059.582178788653
37.79344553,-87.57392021,69.02917715314932,0.014713422763290301,4691.57844939899
37.41866422,-83.99825483,76.27842620755543,0.010559147678642966,7223.918873853512
38.93950319,-84.53241199,79.09730512863676,0.010501398144743393,7532.073733270451
37.10975748,-84.11321779,98.58167680142729,0.01330439462980483,7409.707810423949
37.12306748,-82.85346474,81.57202268045579,0.013359153898807397,6106.077023915258
36.85949479,-86.877635,86.24982069966455,0.012548983433024772,6873.052399820974
37.55218078,-85.26898542,118.67247569731137,0.014415647464036126,8232.198796021694
37.05350953,-88.70445755,138.07241781926197,0.014270676391534969,9675.253928479753
37.94090733,-83.59985712,131.22948870872253,0.014193041790566387,9246.043987268898
38.03253032,-83.9145241,126.67733138580584,0.013904083293245299,9110.80067014174
38.33342292,-84.01889177,113.24951867676059,0.01844040208132709,6141.3801161872725
37.42823949,-83.68811419,58.357336732287465,0.015684269199972508,3720.755872539459
37.83218794,-83.82553961,104.01586357215663,0.014420611999280835,7212.999252552108
38.19484205,-83.42088935,111.19928752964631,0.013132272237735323,8467.634961915986
36.74058474,-86.58047435,120.79366224725197,0.01300882435645203,9285.517194898672
36.80767017,-87.87333656,94.55017852925857,0.017406893991824057,5431.766205600401
36.99903045,-86.42672751,98.75956939947035,0.019641881238942137,5028.009700194547
36.75700531,-84.14541217,127.21376506993909,0.011501816266527545,11060.31970273731
30.65385745,-92.82442028,121.6282851659969,0.013616481907259295,8932.43100489516
30.64836518,-93.34173616,127.82120290120143,0.012814693103156758,9974.58166748559
30.22931235,-93.35400434,99.8388121466178,0.017316164194437263,5765.642495968625
32.82308512,-92.99526883,131.0896754335763,0.016340207669687776,8022.521995039071
32.73926954,-91.23425694,101.70450497958497,0.014726369670511724,6906.284933430634
31.59882456,-92.56124347,90.85625566394705,0.011051357638300145,8221.275488277659
29.74075478,-90.11115756,60.7005999694396,0.0075637020793469355,8025.249981115148
29.52470226,-90.40976986,70.92610440984774,0.010146396686929437,6990.275129023347
32.81686191,-91.80421614,84.63045890256348,0.00946807899875077,8938.503672574947
32.09530039,-93.34213308,93.17825507812455,0.012512352775632712,7446.901214261265
29.90709658,-90.35555967,102.82743270567099,0.013383861577946776,7682.942034838781
30.59724262,-92.00135806,73.70753708379009,0.013035073967468551,5654.55457082491
30.62888673,-90.40664996,89.76340489383827,0.012451134080741248,7209.255342666298
32.83121059,-92.3749373,118.51743541000063,0.011355989188955338,10436.557611843175
32.70847669,-93.33121835,115.91902588649327,0.009923916954783327,11680.773470259675
31.94449367,-92.63789413,123.50498565282207,0.010655832821112337,11590.364425399242
44.97330019,-70.44381045,129.0005482509278,0.012003829521915341,10746.616154070836
44.05996956,-69.54227124,70.73527599315109,0.01827942695088516,3869.6659464877707
45.83839062,-69.2860223,123.99373947377438,0.013934044703108122,8898.617889902162
44.4858305,-69.12061935,81.61073341123274,0.014260125549574771,5723.002446753797
39.00670238,-76.60329337,128.91115630253753,0.012129536359196683,10627.871707956618
38.87172293,-75.82904158,123.24562014875656,0.012489402989595541,9868.015328789368
38.45413522,-76.02752426,113.66206736553254,0.01867924285864031,6084.93974973706
39.25305293,-76.93126208,127.09954756860989,0.014199374080904058,8951.066916360696
39.06198912,-76.03530977,125.7742701890886,0.012156346805062265,10346.387134719818
41.72980578,-70.28854339,54.26746820140016,0.015666500902724603,3463.9175996193485
42.6687626,-70.94687179,125.08429522717292,0.01445821685632334,8651.433055001313
42.48607732,-71.39049229,125.50409683524425,0.013935891523251167,9005.81757728585
42.59147037,-85.89102866,95.4955805135841,0.017082802424890825,5590.158929335882
46.6720582,-88.36363591,133.1173752254813,0.014230046491679312,9354.669031005527
41.95447397,-86.4131308,111.91553273779938,0.021784624267753426,5137.3634615980845
45.37790017,-85.19614053,92.93386589720221,0.018110373258704127,5131.5268089539095
42.94400871,-84.60145248,107.75917767545225,0.018514481540863804,5820.264393448669
42.59599185,-84.83740035,135.1995465160665,0.012475677065097819,10837.050831838475
43.98901072,-84.38774817,101.01826097366593,0.015711610111931895,6429.529516962075
41.88753639,-84.59312019,78.02533178033575,0.010627557975073778,7341.79309709144
42.94502238,-85.07413319,59.6817963413552,0.009354177246748642,6380.229363528429
42.24807035,-84.42258681,58.709670571450495,0.011022105994002378,5326.538376912457
47.63197653,-88.41434263,51.02058541655534,0.01185456080501528,4303.8781660278955
41.89475156,-84.06603727,70.84222903219865,0.008285730976539065,8549.90697052408
42.69158356,-82.92752801,71.11198132762931,0.009466177873296731,7512.216892546468
43.64064262,-85.32463223,63.61502378779242,0.010050028957221338,6329.834874961483
44.33772443,-85.09256478,48.285688104814035,0.010968369327204575,4402.266796856688
43.29123859,-86.15176712,72.23290136609094,0.012303038826968662,5871.143087653602
44.33481032,-84.12725175,77.25584678576156,0.007706608412294582,10024.623369018336
45.02085831,-84.59898295,58.43947200602948,0.012800825018731787,4565.289496615527
44.33473082,-84.61067651,101.7899260973703,0.01050608417000505,9688.664629965682
42.953928,-84.14585902,74.29316693592415,0.008796530279812897,8445.735372095412
44.33853602,-85.57712739,60.07667414378486,0.011049412116514674,5437.092354804383
47.97373527,-94.93732139,52.97273756498701,0.00916690635634468,5778.692996937079
44.24205652,-94.72562874,49.37830205003425,0.012009380048659838,4111.644552005373
45.02343421,-95.56403693,62.395358773630434,0.011504413688193183,5423.601798817954
47.90504893,-90.52629546,46.74148897660949,0.010921951888038987,4279.591180748354
44.02238415,-92.86244324,54.57786658561431,0.006727311201060511,8112.879715897566
43.67385583,-93.34884422,55.94238944209026,0.009102894290412115,6145.560703809687
43.67129565,-91.49143057,37.84654346435003,0.009998728560036795,3785.1356037022724
43.67423373,-95.15398258,110.06897749278205,0.01843257011156054,5971.439513133819
48.24539665,-93.78352843,105.16156570905048,0.0180612543076855,5822.495155516507
44.37136597,-93.72844721,78.68167605820685,0.015325793934284921,5133.938012972378
48.35825983,-96.37017407,110.18421483103724,0.014290053614617921,7710.552934407817
45.93705297,-93.63236823,96.42942670524145,0.015195069850254882,6346.099600432172
44.35291112,-94.24710352,90.26698031784845,0.011712991330367496,7706.569378551424
46.40846929,-95.70835255,67.55769214961674,0.016402568894978584,4118.726315504066
47.77372465,-96.40134647,69.90459779028077,0.018320041854086064,3815.744436996982
44.40555844,-95.25207021,146.07134765713926,0.01309513742281637,11154.625029183062
48.77501878,-95.81079919,109.98764914822837,0.016739641189340685,6570.490245529593
47.6048407,-92.46879855,101.12598343177798,0.015220595622202958,6644.022740099673
45.2829032,-95.68264092,99.9609947812317,0.015145009287967684,6600.259721243494
44.28424356,-92.23121312,83.58848905281049,0.01739135870414744,4806.323098429138
43.97823903,-94.61413846,94.00582883416843,0.014978518814742303,6276.043045167129
44.71710183,-95.86842453,102.59440815025002,0.015111509707697953,6789.156751028483
33.08658803,-89.57838564,109.21887051786533,0.016164128040388873,6756.867444068933
33.44834567,-89.91994479,100.78965031213471,0.014939340088507605,6746.593203917302
32.04158545,-88.6889622,109.75707575469542,0.016581290333497475,6619.332606037571
31.63225413,-89.55389939,77.69360919241348,0.017213616115251264,4513.497261251047
30.86259065,-88.64436789,74.44446787668376,0.018126188317599216,4107.0117209586515
30.51359752,-89.12467576,42.66880226857873,0.01726976567605617,2470.722710947798
32.72531359,-90.97392828,97.22249538761369,0.01691913489517761,5746.304169211666
31.73397872,-91.03764977,76.61214364571711,0.015499075853701567,4943.0136589350395
34.35687874,-89.48490961,63.68108974463173,0.01712968779367202,3717.5861295123273
32.7536828,-89.52402044,72.89452145889416,0.016549392287641067,4404.664545497004
33.47386518,-88.4419153,66.98494077211227,0.0179188011923717,3738.249007451947
33.89236763,-88.4808438,74.05426956536613,0.017158291577848248,4315.946563174851
33.11009499,-88.56949061,87.0483520760379,0.017408377918776877,5000.371228277768
31.17161885,-88.99281835,84.10941031576809,0.019091978888312832,4405.484146394889
34.25157572,-90.28908,92.5459627588076,0.0166381854267662,5562.262974298084
31.91282117,-89.91716179,48.86499240677838,0.015555481004874189,3141.335995426108
33.95339918,-90.1729398,83.73037860152903,0.014223991235570919,5886.560052999658
34.64967704,-90.37481167,98.27547834033712,0.015636275568921436,6285.095060339615
32.35810271,-90.83352619,38.17046791974007,0.013959605703960664,2734.3514372264985
31.16078225,-91.31018819,47.29567070354029,0.0131846275963001,3587.1829035817823
40.19058551,-92.60078167,60.003193316617065,0.017024768557875814,3524.4645536669595
36.70978521,-93.82919888,95.63902079192484,0.014955984996402988,6394.698899131461
37.32449052,-90.02725304,107.80490624229736,0.014874606239672643,7247.580507695504
39.65620858,-93.98308093,92.18536821200765,0.01720656915872687,5357.568226508005
39.42762566,-93.50626255,98.7070542298949,0.01664796903294219,5929.074833967927
39.51499357,-92.9629191,122.48044579028121,0.014161142503232556,8649.051145578309
39.6013098,-94.40465394,112.06811552735489,0.016277857559454843,6884.696903018491
37.431814,-93.8503345,71.79359195267442,0.01686237455303828,4257.620522356299
37.60663134,-91.50790473,103.94462015615618,0.01432825817053456,7254.5189316810165
38.43947277,-91.50847147,69.61186332962265,0.018765255772623713,3709.6144157639524
40.35570088,-93.99222144,98.74836753636741,0.01223301531583178,8072.2834875035915
39.1435761,-92.69756691,110.83021567623209,0.01662513596959657,6666.424616250614
37.20351921,-94.34050458,91.96362578981488,0.019397264348883992,4741.061633008365
40.12699751,-92.14780832,102.84516821558321,0.015166910553908657,6780.891062160253
40.09673161,-91.72070156,102.90322246856857,0.018894895936981376,5446.085694876193
39.83049768,-92.56453089,32.330206291144314,0.01428465898959256,2263.2816306430054
36.62869595,-94.34867205,32.17705830186299,0.011607966315211866,2771.9806750038542
38.63571781,-92.57976951,62.441135579299726,0.012920987375548898,4832.535917298438
36.59666326,-89.66070007,60.424188188464875,0.0101000877205847,5982.540930344205
38.46036182,-91.8613635,38.147515318531745,0.015474845264360448,2465.130646985395
38.72798918,-93.28471706,59.953353454488806,0.014191175385209252,4224.6925872662505
37.6162296,-93.39828174,54.760055484302995,0.011279853554981812,4854.6778747954495
39.44007257,-92.4971374,43.08268407977409,0.011289171105205447,3816.284090149774
39.13734288,-93.20259964,36.48213184015927,0.01793052580235225,2034.6381496170789
37.15772072,-91.40190382,37.8907134064373,0.016720618576829115,2266.10715580493
37.81214171,-90.47598685,25.339603246159022,0.015260297251334473,1660.492114198047
36.85571651,-89.9444155,54.26183766852101,0.01690791313962442,3209.256944983711
37.31728859,-91.96564727,24.91231670755466,0.014095613593319962,1767.3807913804355
37.96130078,-90.87948158,25.3727183870661,0.01715425288527446,1479.0920104044012
37.27029221,-92.46914488,16.398861384752443,0.021201326784410102,773.4827896153631
46.33277565,-111.4955813,33.02320962430073,0.01613225759041675,2047.0296509471762
47.88084126,-110.4353362,56.73033425217254,0.012766186189740758,4443.796558267537
46.05953325,-113.073353,17.856148890399496,0.015103585090545853,1182.245724002086
45.54486106,-111.1692571,47.1087118769487,0.011453706254144914,4112.966653034323
46.4060522,-113.4414186,33.92449110936066,0.01600701208784774,2119.351876738793
47.64514965,-114.0898013,69.78474884088111,0.011599738018165516,6016.062494824989
45.30080065,-111.9173017,24.16624461853852,0.01814184479300588,1332.0720629169527
47.03728583,-113.9213508,25.63087873619307,0.020524919607674916,1248.7687760106437
48.25936577,-107.9128511,25.335001093953892,0.013422207655874128,1887.5435206715954
46.86048047,-105.379384,25.827523204580302,0.01139143258897797,2267.276130797656
46.23397237,-106.729288,30.213471548523568,0.013779808525488943,2192.5900851696715
45.67071407,-109.3950061,18.953192163394288,0.017383567089028728,1090.2936127163564
46.2097322,-107.2666516,50.56889921038576,0.010105860626235069,5003.918130347813
46.95925154,-104.2510927,28.462068583199475,0.01645244188207456,1729.9601352313402
41.56896142,-101.6959559,23.68405292976169,0.014514264367853183,1631.77770016496
42.22079243,-103.0878834,31.21439971899068,0.014298706248954227,2183.022657820782
41.85056773,-96.32605633,49.65592792000981,0.012708884906868858,3907.182123678839
40.5237198,-101.6978026,16.572767601989185,0.014502149487415784,1142.7800834883253
41.57486951,-97.0868542,53.63598225413298,0.01760240779446849,3047.0821310586807
42.71985036,-103.1313774,37.12263951029973,0.01609853992624558,2305.963129599001
41.58071748,-96.65598179,48.565841849212944,0.014415497830822,3369.0020573117886
40.17636348,-98.95299073,32.76048609525209,0.014532453316626526,2254.298388680935
41.61703149,-102.3313973,77.21291720305972,0.01096772430794086,7040.012589225639
41.56742671,-98.52150266,76.11014131801787,0.010683056710339013,7124.3786663005185
40.52451972,-101.0603568,50.321777121663956,0.0129687085900945,3880.2458064405682
41.2200529,-98.5166499,43.483432708198244,0.015916710885057788,2731.935826579561
41.19930341,-101.6620164,65.85369880459957,0.010304738044149992,6390.623276637757
40.78416049,-96.68777155,121.50294035546034,0.007394737718063452,16431.000663980245
41.91676024,-97.6005481,101.57933469230167,0.006883852807426531,14756.174708255598
41.39750195,-97.99327291,130.0512813315373,0.012027884130045604,10812.482056313607
40.13141096,-96.23705437,131.6811939263,0.012527408547821712,10511.447233769428
41.57246836,-97.52144359,143.18846227090012,0.012332954934567066,11610.231532555792
42.42252217,-99.44832069,136.98149019365783,0.01205259511845989,11365.31086021926
41.85070896,-103.7080986,73.97909010892131,0.02445184788272996,3025.5009954144134
42.48932059,-103.7576544,48.8923331549828,0.016876764069474165,2897.020599074249
42.15725356,-96.54157099,96.94432885860759,0.018655488478763936,5196.558051479704
42.20934475,-97.11926964,75.96808222411863,0.019526273838183096,3890.557043995005
39.15509045,-119.7480219,80.67020756801595,0.01556388457829752,5183.166654968872
41.14531606,-115.3577619,82.47946512665959,0.012936727730027806,6375.604932552933
39.9332233,-117.0397075,76.55833343198985,0.013998749793810581,5468.940766827579
38.04264256,-116.4722702,74.7692676827466,0.014855917923855228,5032.961818043175
40.66562265,-119.6631594,77.85065608852616,0.015163536774666309,5134.069791593153
42.92015988,-72.25311043,119.21562291522031,0.010726704354930032,11113.909638092
43.29662971,-71.6811573,108.40534675524441,0.010739799854125398,10093.795808830038
39.80343818,-74.96388753,89.81625728644863,0.007163474360452691,12538.085957604064
39.71581067,-75.13995546,132.82064766444327,0.010723286190734406,12386.188832599531
40.43629879,-74.41426991,151.3050015232951,0.012205035644428349,12396.932375397566
41.03238628,-74.29954144,123.73746342014691,0.010749454044465341,11511.046319962326
33.91514144,-108.4046587,126.9770501621915,0.010021714891270303,12670.191832417666
34.57421077,-103.3468876,148.53376709769117,0.012642538202622502,11748.729939916662
32.73911281,-108.3827845,114.12956315895542,0.009423219904038348,12111.524969298962
32.79215361,-103.4123733,117.83787502596248,0.011776041909070344,10006.5774167464
35.5800772,-108.262245,109.10801550523612,0.00947517716839163,11515.142520945255
36.51072137,-106.6931674,112.51770137502989,0.0073750379114292716,15256.559047738388
35.68862401,-106.8687803,112.71486199277408,0.010303782099523935,10939.17368438739
36.58006022,-105.6310198,113.37920911338065,0.011637574592545726,9742.511913608185
34.71669834,-106.8103733,75.73136298315266,0.010283280417287202,7364.514037353374
42.15903158,-75.81326086,126.5375445349701,0.01226989774735869,10312.844258397305
42.13891056,-76.7638805,101.90026489080451,0.011525105149557551,8841.590906848816
42.59509207,-76.07048931,125.37150840013932,0.015325972506942903,8180.329720893345
44.11630765,-73.77297842,121.5795986731505,0.013233734058476242,9187.097015545543
42.275797,-74.12384884,78.25023017822548,0.00838058711489673,9337.082128665365
40.6361825,-73.94935552,96.66229974395996,0.00833072958038189,11603.101362405387
43.14638895,-77.69322942,110.97993642640533,0.011337128592549445,9789.069209229869
43.19898042,-78.74777412,90.04989692293466,0.009886970998707351,9107.935780807693
41.40337468,-74.30240757,105.38543261006558,0.013098352108377644,8045.701607201531
40.58582155,-74.14808598,98.06781692790574,0.009998263924481882,9808.484519775036
42.58831742,-74.4433903,123.36237774322758,0.014374047377550145,8582.299369341092
42.2689144,-77.3829924,105.44409503476669,0.011152384091004523,9454.84787596381
42.44945765,-76.47229843,94.25128789804917,0.010530633105203337,8950.201469983629
43.31153794,-73.43043448,97.71246828007133,0.009028436566071366,10822.745174648764
42.63505484,-77.10369919,63.96627064279962,0.009692798955244325,6599.360095897835
34.97403241,-80.09953279,120.34511102038913,0.011014179197224947,10926.380338056459
36.0688473,-76.96545943,122.98163401982984,0.009708748710131741,12667.094153079697
35.74989637,-81.70755735,109.98432446232974,0.011047051652954951,9955.988974932536
34.8932941,-76.54120135,101.15925655187532,0.01254927324381751,8060.965331335992
35.1349263,-84.05970864,100.94538092945743,0.010455749305361119,9654.533403712954
34.26744084,-78.65801424,101.8511283489212,0.012596439917285976,8085.707471136496
35.66520691,-75.71767334,103.64953233379143,0.01071271860679327,9675.371503556904
36.03638492,-78.87608331,28.631063462887244,0.012815887859958736,2234.028869146131
35.29373559,-81.17477045,20.414428967318482,0.010651163682896748,1916.638366951325
35.48544173,-77.67578087,35.93628843923535,0.01759134476005521,2042.8391876461956
35.55269063,-82.98196486,22.079299030648368,0.01671295015118808,1321.0892649661141
35.42017674,-76.15180542,19.67426277687933,0.017029114195232467,1155.3309556399245
35.02254606,-77.35870791,33.32458810928963,0.01719175978320202,1938.4047083912205
35.14867843,-83.41696617,26.398479244340468,0.010364601485922099,2546.9844914150017
35.24469268,-80.8317671,32.08559737784955,0.01201165313385616,2671.2057882701242
35.96575634,-77.98422508,30.977842201890816,0.016875782468000783,1835.638866560992
36.06092947,-79.12167935,41.32347705266911,0.014352629379878197,2879.1572581538926
36.17847453,-76.40603143,25.513067998096776,0.014672185569122089,1738.8730450485539
35.71015088,-79.80570339,37.81153497511306,0.013471911646824881,2806.694102987578
35.64003916,-80.52446628,33.94500599644283,0.012423264585061732,2732.3740683475235
35.31647813,-80.25093221,89.85028504783419,0.008432531938605724,10655.196529583554
35.20383864,-82.79638423,126.1397823852789,0.017416678022071336,7242.470821670349
36.36880673,-78.40670845,132.22834018403955,0.013464742094595184,9820.339614014343
36.23103603,-81.70033724,133.0656094090878,0.01315372212802017,10116.194345145115
36.16222629,-80.66239436,143.66860245616218,0.01677502091412265,8564.43656265189
48.0683985,-99.35916363,145.69785437657586,0.013638885098818545,10682.5340429913
48.79094471,-102.5182117,129.8622817173737,0.013868133011720754,9364.078178917063
46.11017712,-98.5049008,113.735458505733,0.014745217190848361,7713.3796697361
46.28398398,-100.2389766,146.5782127507013,0.01617042689606654,9064.585226649551
46.35821257,-101.6390013,131.41680235101984,0.013790873589853038,9529.258715540172
46.45681054,-98.53542355,125.5794020158127,0.013387026962806702,9380.678948709903
47.7413337,-103.395905,97.2040073329908,0.012322117544402504,7888.579782064089
48.20197971,-102.3555315,144.6016626195165,0.013359338574888883,10824.013614814701
48.24977025,-99.96407787,125.81463509331232,0.014384110798625054,8746.778779355529
46.26440649,-96.94852979,96.2781103640751,0.015173839334730264,6345.006576134713
46.11323337,-101.0440149,122.73814617784848,0.012492445035471008,9824.989890237355
46.97962541,-98.95637318,118.33951664385529,0.012320094630737865,9605.406467301445
48.36876964,-97.72574783,104.46692745008784,0.012251089554642571,8527.154012232317
15.0979,145.6739,143.73157252179126,0.013549074908715849,10608.220375941062
41.70860332,-80.74830218,126.03640544686897,0.017614650796360078,7155.203183074929
38.93416837,-83.86788395,129.13319998100442,0.012143341632591492,10634.074531381384
39.91592258,-83.78498252,145.36114941305345,0.013096166870460186,11099.518725660955
40.30096166,-81.91729018,89.62207288717391,0.0159546350930272,5617.306341675108
41.32398837,-84.49076944,92.34395041373686,0.01647694981881548,5604.432339065984
39.56021306,-83.4562016,93.81325242661173,0.013752392125106927,6821.595223084312
41.49952319,-81.17935342,80.91722938600383,0.016522612488730375,4897.362898342818
41.00250487,-83.66838948,120.46123535923215,0.014894437168943437,8087.66615299887
39.1839264,-83.60331456,29.317871866067208,0.014629784617120027,2003.9852009686408
39.01914254,-82.6181856,37.13491371484977,0.013665086675964165,2717.502976411209
38.59743452,-82.53466552,82.81738715463118,0.014611554880556208,5667.938000550331
41.62101218,-83.65468618,100.98422758001793,0.015224091629697276,6633.185745087765
41.11770589,-81.8998621,77.57904880554571,0.015287265558966943,5074.74986329656
39.72984936,-81.08464734,90.13173171425714,0.015558770586028775,5792.98545575267
39.96575964,-81.94363275,114.5085866453369,0.014239350153568607,8041.7003171060605
39.73508655,-82.23804971,102.81081615805903,0.01531862573853044,6711.490829067148
39.7420247,-84.64787018,121.78152260489725,0.012698534599988313,9590.202841594755
41.35624126,-83.137872,115.79852116510366,0.013659046892608401,8477.789268573935
40.81482476,-81.36437305,107.37342555186025,0.0164454751578879,6529.055835784698
39.42581994,-84.16557457,108.34713803943554,0.014150186283254375,7656.940754741568
41.36224827,-83.62285108,68.37447991286943,0.015522572376857164,4404.842074681512
34.37366573,-96.03802487,81.61046357830213,0.012476648852318724,6541.056380146118
33.96472458,-96.25903472,103.22038249116389,0.012966748032121047,7960.3908578672
35.90692775,-94.99980896,48.523526366984854,0.012873174052427154,3769.352155837282
34.58840127,-96.29798747,62.05997731448918,0.010556481301705308,5878.850683367756
35.90230551,-96.37086028,94.68288759861578,0.010636019638431093,8902.097854022235
36.2180194,-99.75324573,89.23374967653366,0.010144723244784479,8796.075311606926
36.796297,-97.78638765,47.875409049726734,0.011556630529928452,4142.678865240415
35.222576,-95.11513306,61.88688303668975,0.016769346653218987,3690.476696348224
34.31440473,-96.66011537,42.8066032704171,0.012248996659801932,3494.702828264898
34.87844729,-95.25215049,127.29602009952681,0.018416271102430333,6912.149554679828
33.95273467,-97.23906784,125.85210708015939,0.017022232677634717,7393.396005302805
35.01123903,-97.44572302,128.38800017888428,0.018661043410716144,6880.001152837853
35.61318461,-95.37802952,127.78261232303075,0.013011488164227626,9820.753069148723
35.55140095,-97.40716948,123.13072353690964,0.015723878342470642,7830.8112575718715
34.72959848,-96.68337199,100.63508202455093,0.018349214721099575,5484.435358905668
36.37004357,-95.60406759,133.1085351894875,0.0160163783664768,8310.776140759217
36.74777635,-101.4889765,114.41991513577453,0.014671819545317632,7798.617941173528
35.96024096,-95.51911308,143.37855634005533,0.015850287108821123,9045.80184293704
36.42316318,-99.26283045,129.4941453010952,0.017667721418079776,7329.419693508463
45.99712889,-123.660711,117.88438303480235,0.01652328486845188,7134.439911514237
42.45911325,-124.157282,136.46538390907176,0.01271904865213933,10729.213138603604
44.49024544,-119.0068631,144.6012608508761,0.01726723888327541,8374.31287239172
44.62806839,-121.17832,121.59730501110307,0.015619170473867303,7785.132073086056
43.93727035,-122.847753,121.26799780614171,0.017793528220306533,6815.28678880824
44.90287942,-122.5815117,110.00538492796244,0.015945041803526003,6899.03396199541
45.41501554,-120.6827834,5.593558276862808,0.0011266166144133212,4964.917262271709
45.30915495,-118.0068979,0.49390436553955075,9.895625453080953e-05,4991.138436689478
44.72698162,-120.0281427,1.124857142857143,9.218260631628572e-05,12202.487950901175
40.81665618,-79.46290811,1.6732542345121308,6.165392368771429e-05,27139.460628449157
40.47961444,-78.34917412,4.056100883924256,0.0011618688525378402,3491.0143903630947
40.49527404,-78.71377428,0.07428571428571429,0.0,0.0
39.97291773,-75.74768357,4.27838659820997,0.0011483862930543856,3725.563971014197
41.04821986,-76.40565017,2.5897902921343605,0.0003645517458904207,7104.0402942215405
39.91680171,-75.40243663,0.7875450061957042,0.0004032011285450992,1953.2311554718653
41.51095103,-79.23229292,2.364426576099698,0.00021484735396375395,11005.14636311784
40.42162652,-77.97673273,0.49068926220848447,0.0,0.0
41.43564672,-75.60379201,1.74796686286018,0.00024259766005273805,7205.209079428843
40.6154815,-75.59435245,0.9505699259440104,0.0001704399908835159,5577.153114222237
41.30248872,-80.25816981,0.05428571428571429,2.915315011585714e-05,1862.087426915382
41.03023987,-76.66345939,1.4711688734993102,0.00024272693781973012,6061.003721770373
40.00338507,-75.1379271,2.626260137376332,0.0003333765181471825,7877.75981335573
40.77129231,-77.06840691,0.0,1.451648145e-05,0.0
41.77255149,-77.25433032,3.908114562868556,0.0004414677274007142,8852.548714894427
41.81304978,-79.26969577,0.44318947928292407,2.725682561466666e-05,16259.76133642091
41.51955538,-76.01074915,3.1284215042642707,0.0002224066330260873,14066.223932706724
18.459681,-67.120815,124.60288268524722,0.010934051400712009,11395.856679175047
18.406631,-66.675077,103.8542095843559,0.009599540307787098,10818.664879203632
18.34946,-66.168435,125.5018489908051,0.0174996070659162,7171.695256817722
18.328802,-65.887612,108.69255728746083,0.01293609284273663,8402.27096456637
18.251818,-65.666416,135.4355915472565,0.013164248485665464,10288.13697149003
18.224687,-66.221622,126.65665573673304,0.013614697342014042,9302.93583140325
18.318373,-65.666866,123.21154121483974,0.013683476131549115,9004.40356166214
18.039942,-66.79186,115.37904025839575,0.014468794550643909,7974.3367600213105
18.134532,-67.113972,125.94477139167346,0.012740486255683652,9885.397532255749
18.050764,-66.494581,86.16253364385783,0.012369948190184594,6965.472475642765
18.23679,-66.98362,119.0922423337356,0.013741450583859583,8666.642695904233
18.420473,-66.490461,86.57011566028471,0.012517170947184469,6916.108761761157
18.377805,-67.080952,26.438569685049835,0.018335064324069984,1441.9676537671971
18.215046,-66.433604,45.06230260321213,0.01270130602790023,3547.847953921145
18.059498,-66.613748,41.28444483860887,0.013970854842183553,2955.0407118936455
18.08282,-66.943758,43.824621454684966,0.013247360285384677,3308.177667896226
18.147987,-65.976392,38.55692297179872,0.014311220939828964,2694.1742520718517
18.431446,-66.213553,40.941220828592925,0.01701054740477426,2406.8138346389824
18.409346,-66.33725,49.423891148155946,0.01518262378392075,3255.2931463992813
18.070399,-65.896289,26.962736906179725,0.020795851425971058,1296.5440247619342
41.67106337,-71.57641596,34.73226383801524,0.01677458705907475,2070.5286941311447
41.45961631,-71.61435303,24.725131010493634,0.013313319621674142,1857.1724943973413
34.51828081,-82.63959517,55.51660094180505,0.016195959618424145,3427.8055916273506
33.20222596,-79.94654523,21.090061328695548,0.020302161616367772,1038.8086612261309
34.69249168,-81.1583216,43.91243956477783,0.014517429654227669,3024.8081520401884
34.33358335,-79.96027485,20.69017953375403,0.017656735465801127,1171.8009579872962
34.39287073,-81.1195624,46.421662187124696,0.017096629378359582,2715.252296799736
34.15272415,-82.12715789,29.103520682600283,0.015139294946612898,1922.3828312501164
34.33988254,-80.58763164,24.726235503636293,0.017223975541274167,1435.5707510373727
33.89665987,-81.27146426,106.3995467144022,0.013490955878634707,7886.731501576143
34.28629098,-81.59935761,118.68362682849951,0.014751301650799787,8045.637574096027
34.01791263,-80.90267209,94.24640360688501,0.013899541151783492,6780.540636393021
43.71757685,-98.56050467,114.69853441295844,0.014566538607720583,7874.11048717955
44.36974375,-96.79079945,98.69129180272317,0.012348663538372941,7992.062581998791
44.90608745,-103.5079318,120.227923987227,0.014453227359619897,8318.413666080241
42.91296147,-96.97656917,93.86474993993217,0.01393752419184021,6734.678889015721
43.67490933,-98.14458906,86.99019998106724,0.016504785314159144,5270.60475645448
43.38520741,-98.36978007,111.06574207796119,0.014604340726292513,7604.981570856336
45.1723937,-96.77002276,94.91870754985788,0.016665252539470085,5695.605711647744
44.54708407,-99.00386459,96.3463507392867,0.014647376443913576,6577.720666100686
43.33449012,-97.75536441,98.40210144471311,0.013837857302472221,7111.0793596009225
43.96278565,-100.6940008,102.6680060489897,0.016093584721390358,6379.436764795556
43.27841182,-96.7203905,108.95904253441326,0.013670374345800889,7970.4505361904785
45.76626028,-99.22118798,117.34528613434428,0.014541696661554662,8069.573232440046
43.67441641,-96.7910885,89.51517660475669,0.01703468872277339,5254.875980509427
45.49049506,-102.4755586,99.65446066072082,0.017181928580785696,5799.957798227782
44.93837606,-98.34626602,102.70632353800738,0.01350905949397348,7602.773796638148
43.34459388,-99.8854891,91.02341286513644,0.015123426154027435,6018.703165413116
45.43019636,-100.0307514,76.612349670702,0.01562938007602689,4901.816277935027
35.51123746,-86.45549096,96.01918626194454,0.01326201767193745,7240.164252315997
35.15739424,-84.857186,104.83521476467496,0.015625183378204188,6709.375002338292
36.28969086,-82.12588974,132.47916744857775,0.016277718292730264,8138.68166693509
36.55151008,-85.53930419,102.24594749618629,0.023055165107709392,4434.839092173596
35.95271721,-84.99840585,55.68242088663138,0.019222731737074266,2896.696559482151
36.14669837,-87.35891709,51.649854560535,0.024537412235584494,2104.943017814717
35.15634626,-86.09201039,104.89162990536956,0.016522582277688852,6348.379941010141
36.17470125,-82.84691273,54.99106073906664,0.02302925998048322,2387.8778903738257
36.52692871,-83.22375847,97.75201512525626,0.011533518840333337,8475.471924787793
35.58332824,-89.28536625,69.52960076030465,0.020180954451547328,3445.3078484092025
36.28872054,-87.71878828,86.29587275118516,0.014571813079142355,5922.109505694004
36.4552395,-81.84886538,42.485319877107756,0.016751615352043604,2536.192419910405
35.21675201,-87.39787695,91.97781115474672,0.023348399248077346,3939.362616575128
36.53157855,-86.00778595,26.30380983714771,0.01900859509328435,1383.7850566053
35.6187413,-87.07462444,98.97287229511448,0.012626064598912787,7838.774427277753
35.44550387,-84.24902965,100.97434839616457,0.016646762774176087,6065.704771909455
36.35732446,-89.14921589,24.963274564933485,0.021434665778734874,1164.6215911469592
36.55606529,-85.077633,104.56518611138536,0.015058505737835895,6943.928430339248
35.84923189,-84.52458689,115.19772298835608,0.020058359073937736,5743.127967932082
35.36979721,-85.41022136,27.680923618936195,0.01885014438117342,1468.4727638788017
36.50235092,-87.83920548,44.761464891037406,0.020506890115417033,2182.752462177863
36.39026213,-86.16087954,85.61062883969329,0.018714312747172123,4574.607146748133
35.69864497,-85.45221699,41.423989472362734,0.024457502764001583,1693.7129629331462
36.29896232,-88.71990865,91.75860211794539,0.01884072002292713,4870.227995866667
31.81534745,-95.65354823,39.94715172658288,0.021944697400301565,1820.3555509511798
33.61569967,-98.68754589,101.28298000720328,0.014562396917203452,6955.103653818932
34.06854817,-102.8299707,109.08190224454034,0.012149115901931731,8978.587670498404
28.41761668,-97.74215593,69.1964950878812,0.017259230851893764,4009.2455846772937
32.74363984,-101.4316509,98.60701798569335,0.012109644714641075,8142.849795293604
30.6636448,-96.30205577,85.99772939789362,0.011393598255022376,7547.899045851053
31.77430356,-98.99907113,84.47975710908324,0.017191069197539086,4914.165380776699
28.47048236,-96.61633945,98.80948828437755,0.02512092895630926,3933.3532791016073
35.40365929,-101.3542669,44.891619323118405,0.014207378506867088,3159.7398000919165
31.837258,-95.16559897,129.2681663018878,0.02386105165913344,5417.538512071702
31.88911733,-100.5297533,75.61329078507829,0.015892985851306073,4757.651676815936
29.622098,-96.5273805,97.17197615723425,0.0158106659215058,6145.976180867886
33.63979567,-97.21240912,89.62750292477703,0.017297735486397684,5181.458751942234
30.72367027,-101.4134238,104.71332146976671,0.016583351796791483,6314.364113654421
32.76670599,-96.7779605,73.75653407496308,0.025874591646431844,2850.539057111429
33.38570922,-95.66921122,100.3855896773755,0.02083013991156594,4819.247019154029
34.96517499,-100.8140093,73.90814474051135,0.017656275101660675,4185.942069602203
29.98202582,-100.304252,56.863357087087614,0.026007552703975433,2186.417066393012
31.25350609,-96.93630086,59.19860290221145,0.019244078732076456,3076.1983322972956
34.07227468,-101.3031546,86.17178726192503,0.016237828272942026,5306.8542057140585
31.70422788,-96.15072516,27.634820895180418,0.01721762816537829,1605.030648225365
33.17969345,-101.2984114,97.3803903910388,0.017686917303255716,5505.78649299805
29.45634206,-97.49424032,27.151717888650285,0.025386676141532498,1069.5263033757376
30.54579585,-95.98902499,59.624370320914906,0.02339268600728619,2548.846690899178
31.70470573,-98.11083887,131.86184953640853,0.017240424150541424,7648.410989486445
29.85864939,-95.39339521,44.096122200018144,0.018127871899486465,2432.5040713282688
30.05669873,-98.02944344,46.766491783235125,0.026542516873486865,1761.9463898674148
31.99045053,-97.13423143,47.239733720244594,0.020358564216517924,2320.3863110305506
31.31925973,-95.42226208,27.42763915594087,0.012707771925790765,2158.335805529822
35.84006574,-101.3546643,101.19248897289505,0.021603428351031555,4684.093993260248
30.74685667,-94.02667579,89.75356851324882,0.0185171862065177,4847.041419373817
27.73103938,-98.0904705,53.874170002071466,0.02274842121045432,2368.2597356388374
32.5991417,-96.28734728,63.36942228305072,0.016469275636493773,3847.7358495738767
30.06040006,-99.34930144,22.915495412263343,0.022447202972705707,1020.8619506014646
27.42435506,-97.69894948,60.06122842259709,0.02228057486873575,2695.6767846630114
34.06859623,-102.3516289,101.1466315779624,0.01906343135573671,5305.793573596319
31.29872538,-95.9936328,100.75025550470848,0.02448375151789435,4114.984398166004
28.35101362,-98.1246786,66.89189951411032,0.017438539606490853,3835.865905262633
33.17657705,-101.8162849,105.45993296136389,0.021652302133025866,4870.610631305932
30.71780434,-99.22629416,65.72333630641013,0.017416048220620435,3773.7226880547064
31.55255453,-97.20217694,69.567401929076,0.02680786214302742,2595.0372901022283
31.86904128,-102.0315682,33.78375837953561,0.015674960414488726,2155.2691353726486
33.67521893,-97.72500958,57.22675638862012,0.02358281309433485,2426.629773119278
34.07408766,-100.779722,83.81241666488852,0.0077605661028208005,10799.781298741143
32.30365282,-100.4060208,77.07469766195969,0.009288422727871856,8297.931728567966
30.11879481,-93.89412775,78.10552311136664,0.008396803500430355,9301.816233685064
34.52993409,-102.7844668,70.6509686326535,0.007539077992482954,9371.300934026416
29.99954402,-104.2408079,115.79377313046376,0.006326752450758251,18302.244956112685
29.83321503,-99.82018052,81.8687680685228,0.007049876382809492,11612.794838240376
35.83809685,-100.813175,47.903152053180335,0.003786864858875631,12649.818210677684
32.10773545,-94.76176432,83.6962556182799,0.01618532974849303,5171.118347222591
28.00880118,-97.51763891,64.28474636642157,0.009258396668651662,6943.399453178065
32.73587756,-99.35401337,81.23653609112988,0.01285769350495561,6318.126657772617
32.22236802,-97.77403489,105.87695899754713,0.015798273576069752,6701.805642733204
33.17906744,-100.2538401,84.10073770273877,0.01094891052834498,7681.196908588795
32.30163422,-99.89007449,91.11674174752663,0.010622156798978075,8577.98877119689
33.21339719,-94.96797273,102.60779580935184,0.015454585664402101,6639.310689881344
30.77031716,-94.37690895,62.87694247205724,0.013139089176378483,4785.487154246407
29.35739637,-99.76229172,79.03064930360287,0.018473151870394788,4278.135634788884
30.73872995,-95.57440968,65.65977193693323,0.009026516594515595,7274.098623695804
27.7610369,-99.33237355,111.15300628317306,0.015552940624088468,7146.751792456454
34.07945812,-99.24178437,88.7645769663557,0.019714195704681647,4502.571562951272
31.85008651,-103.0485163,88.80552116510276,0.01850909983115361,4797.938418141203
33.17659707,-98.68790885,59.55920255631424,0.011533861704663946,5163.856137812914
39.37231946,-111.5758676,110.52811214746569,0.020778730779694485,5319.290832502466
38.99617072,-110.7013958,80.25391651633204,0.01198169583234619,6698.043218529706
40.12491499,-109.5174415,52.103940085694056,0.014682324849077982,3548.752709211857
41.27116049,-111.9145117,95.9252065367552,0.010800542127402904,8881.517742834021
44.46322849,-73.08359212,74.4580178550653,0.007981404726097189,9328.936498058578
44.60353043,-72.64356694,103.95393878103317,0.017382800470688343,5980.275672859788
18.3358,-64.8963,57.8065420390483,0.014615954936447406,3955.0301222465946
37.78636074,-80.00222498,81.56405704587614,0.01201774892980189,6786.9663047804
38.8767675,-77.10139853,59.24870090380446,0.011422238333966701,5187.135758462908
37.13128068,-81.13599391,84.65650414184712,0.012592796810780078,6722.613364918016
37.26818323,-82.03749726,75.88981772092303,0.011270714598876191,6733.363448710701
38.02679129,-77.34901405,97.94051293665973,0.015700253956046517,6238.148326189377
38.03527919,-78.48569588,97.26582204998853,0.015172935285585575,6410.48157256638
37.26420587,-77.39609676,86.77001745817863,0.016575345314694283,5234.884451019899
37.51328851,-78.24398086,71.0785482382358,0.014819125873388166,4796.406268866166
36.69455571,-77.53406129,82.64184598889597,0.011655077129547262,7090.630552704559
38.88485255,-77.17560759,88.91376505012988,0.014860370238676096,5983.280606207236
36.99536167,-79.88023649,82.9922867583643,0.016258683024188883,5104.490113676021
36.66601852,-80.91703124,71.63349762771468,0.010356796755313015,6916.568831088322
36.65677234,-81.23215889,88.18595991336787,0.012221776430937026,7215.4780781411155
37.03513786,-76.35879121,99.35543701655256,0.011470311973369425,8661.964665584132
36.68542395,-79.87634026,89.89520644659153,0.009393701926320249,9569.731629945998
37.31156958,-76.76950618,65.07136724030741,0.011778751009181056,5524.470904392744
37.71889653,-76.46400482,86.47397611060615,0.0151456101765006,5709.507580274062
37.97850256,-77.96274807,61.262895482551414,0.01019252135022933,6010.573181794023
38.7464321,-77.48509905,86.98905285123463,0.00996548219290558,8729.036003211373
36.67882005,-78.36131056,49.380419981282266,0.008359739084213908,5906.933157104108
37.50694406,-76.99828634,106.21990473540428,0.012718909819898634,8351.337201025208
37.89202088,-76.41949732,99.8191918359412,0.012471635252511501,8003.697174822356
38.61807452,-78.48797204,75.25505002095976,0.012807515110512441,5875.850964969014
37.14259351,-76.35798148,92.16538755822097,0.01354540813597794,6804.179440959081
37.18497668,-77.22922187,114.20399106375851,0.013474224978042732,8475.737287292037
38.68295619,-78.15826963,96.80821304746797,0.012378026432164745,7820.9732042507485
37.27791025,-79.96189766,104.85955918635761,0.011915611158647093,8800.183036374228
37.2836193,-80.06219455,95.09706053651536,0.01375888409924495,6911.684105379885
36.72231125,-77.10642712,76.77287475643017,0.01208044970832459,6355.133841046189
36.70155394,-76.63603554,75.06399814983244,0.0131738708014713,5697.945522697024
38.06451466,-78.90293905,87.39811959621608,0.012884533691179081,6783.180648287642
36.9746148,-82.62410519,81.13668046625737,0.011705856971002238,6931.289239843717
46.18894415,-117.2022851,55.04836935320492,0.013818364441790376,3983.7109221641413
45.77568046,-122.4829204,68.93703071148555,0.012099297141298046,5697.6062250910045
48.4711431,-118.5154041,64.13430393878868,0.007047227403818756,9100.64345362767
47.14003705,-123.7820567,98.64245363089515,0.011340284781043257,8698.410625083126
47.63479026,-122.6436061,121.27932674013047,0.009984690599292623,12146.528280878592
47.57705241,-118.4194388,77.82423725175366,0.009154242551207564,8501.439285272994
48.53234021,-117.2741804,91.65517701196497,0.009849601719602086,9305.470375472984
46.02408726,-121.9164403,74.8570466937157,0.013244559739574542,5651.909022694352
46.9291895,-122.8290656,111.1799338356915,0.009903929076328942,11225.841075681674
48.82227976,-121.7490018,106.43129761560952,0.014548444193928211,7315.648064968253
39.46704621,-78.02414609,101.413198998536,0.012701846571496977,7984.13037251669
38.42424062,-82.23855912,87.94926167590978,0.008457604564658043,10398.838229375853
38.02974928,-81.08286634,135.53703316675265,0.009387226930230174,14438.45282255569
39.32103553,-78.60826476,120.87358545109008,0.009742635166277507,12406.662405821544
38.84263974,-81.68148753,87.83248226831346,0.00906216370611286,9692.219774077383
38.172154,-82.07017953,109.53937196178859,0.012131692878357742,9029.190984318493
38.77071799,-82.02524219,63.02180170891373,0.007629987843321405,8259.751260819801
37.73048351,-82.13338365,105.64964940631644,0.008877475257172031,11900.866670505564
38.29617706,-80.79759588,117.58341316177389,0.01004980734430986,11700.066392650693
38.32758728,-80.00993811,49.73114946374036,0.011737379924990745,4236.988985749268
38.769899,-79.87919615,47.623863558082114,0.014036657434801834,3392.8208178683426
39.33602617,-80.0421439,51.652711216846,0.015321655204503086,3371.222660177413
38.89285061,-80.23689136,45.245320340655674,0.012641705018019547,3579.052056361288
39.02775007,-81.37473928,59.003176877745936,0.013851721406768864,4259.627749148427
46.31956891,-90.67837132,59.76303383463016,0.007511825984304542,7955.859728313863
44.37835084,-91.75332578,133.51473675969476,0.016212629553319362,8235.230214851794
44.73483377,-90.61207486,100.34505571961316,0.024785673935562223,4048.5102797886457
43.41576662,-88.70928178,95.8378033233026,0.02183606905502487,4388.967770792454
44.726614,-91.28609183,92.84268469370753,0.02031257187761617,4570.700611083982
42.8671731,-90.7063218,88.68215446328077,0.022405217328002807,3958.102845645812
46.26302338,-90.24295041,97.44146391306931,0.023485609096599594,4148.986024261877
42.57639354,-88.04051686,94.4474568503889,0.020352262546527236,4640.636717144981
45.26271619,-89.07483625,89.65716075230968,0.01827936875783124,4904.828057254373
45.38553432,-88.033246,49.053731650624584,0.004619293883657837,10619.313879155241
43.94641218,-90.618819,67.30205996453357,0.00920508459404599,7311.400484908712
43.38352225,-87.94625009,82.08576139043143,0.003854564623174142,21295.728419474715
44.47558711,-89.50152965,95.04983098574925,0.01284495151535274,7399.781219270648
42.67151616,-89.071479,72.55779298505121,0.005696416590055231,12737.444995108355
44.78902246,-88.76443896,73.99074503348085,0.010723154705943276,6900.091163701266
44.30360275,-91.35893614,143.58172772322408,0.04619273939142185,3108.3180953301007
42.66858202,-88.54163073,105.64964940631644,0.008877475257172031,11900.866670505564
44.47068056,-88.96534501,117.58341316177389,0.01004980734430986,11700.066392650693
41.65498705,-105.7235415,49.73114946374036,0.011737379924990745,4236.988985749268
42.97272268,-105.5081848,47.623863558082114,0.014036657434801834,3392.8208178683426
43.71930657,-108.4423174,51.652711216846,0.015321655204503086,3371.222660177413
42.96180148,-106.797885,45.245320340655674,0.012641705018019547,3579.052056361288
44.79048913,-106.8862389,59.003176877745936,0.013851721406768864,4259.627749148427
41.2878183,-110.5475782,59.76303383463016,0.007511825984304542,7955.859728313863
1.373333,32.290275,133.51473675969476,0.016212629553319362,8235.230214851794
45.2835,34.2008,100.34505571961316,0.024785673935562223,4048.5102797886457
49.9935,36.2304,95.8378033233026,0.02183606905502487,4388.967770792454
50.053,30.7667,92.84268469370753,0.02031257187761617,4570.700611083982
46.975,31.9946,88.68215446328077,0.022405217328002807,3958.102845645812
44.6054,33.522,97.44146391306931,0.023485609096599594,4148.986024261877
49.2331,28.4682,94.4474568503889,0.020352262546527236,4640.636717144981
50.2547,28.6587,89.65716075230968,0.01827936875783124,4904.828057254373
18.4207,-64.64,49.053731650624584,0.004619293883657837,10619.313879155241
-51.7963,-59.5236,67.30205996453357,0.00920508459404599,7311.400484908712
49.2138,-2.1358,82.08576139043143,0.003854564623174142,21295.728419474715
-7.9467,-14.3559,95.04983098574925,0.01284495151535274,7399.781219270648
52.1307,-3.7837,72.55779298505121,0.005696416590055231,12737.444995108355
6.4238,-66.5897,73.99074503348085,0.010723154705943276,6900.091163701266
15.552727,48.516388,143.58172772322408,0.04619273939142185,3108.3180953301007
